{
  "model": "tfidf_logistic_regression",
  "accuracy": 0.9933333333333333,
  "labels": [
    "baggage_question",
    "book_flight",
    "cancel_flight",
    "change_flight",
    "search_flight"
  ],
  "classification_report": {
    "baggage_question": {
      "precision": 1.0,
      "recall": 1.0,
      "f1-score": 1.0,
      "support": 15.0
    },
    "book_flight": {
      "precision": 1.0,
      "recall": 0.972972972972973,
      "f1-score": 0.9863013698630136,
      "support": 37.0
    },
    "cancel_flight": {
      "precision": 1.0,
      "recall": 1.0,
      "f1-score": 1.0,
      "support": 19.0
    },
    "change_flight": {
      "precision": 1.0,
      "recall": 1.0,
      "f1-score": 1.0,
      "support": 18.0
    },
    "search_flight": {
      "precision": 0.9838709677419355,
      "recall": 1.0,
      "f1-score": 0.991869918699187,
      "support": 61.0
    },
    "accuracy": 0.9933333333333333,
    "macro avg": {
      "precision": 0.9967741935483871,
      "recall": 0.9945945945945945,
      "f1-score": 0.9956342577124401,
      "support": 150.0
    },
    "weighted avg": {
      "precision": 0.9934408602150536,
      "recall": 0.9933333333333333,
      "f1-score": 0.9933147715038793,
      "support": 150.0
    }
  },
  "confusion_matrix": [
    [
      15,
      0,
      0,
      0,
      0
    ],
    [
      0,
      36,
      0,
      0,
      1
    ],
    [
      0,
      0,
      19,
      0,
      0
    ],
    [
      0,
      0,
      0,
      18,
      0
    ],
    [
      0,
      0,
      0,
      0,
      61
    ]
  ]
}